﻿hospital name,area name
A. D. Halli H.C.,basaveshwarnagar
Anjanappa Garden H.C.,tatguni
Audugodi H.C.,kaggalipura
Avalahalli H.C.,konanakunte cross
Bagalur H.C.,banashankari
Bapujinagar H.C.,bapujinagar
Bhuvaneshwari Nagar H.C.,kumarswamy layout
C. T. Bed H. C.,basaveshwarnagar
Gangondanahalli H.C.,tatguni
Govindrajnagar H.C.,kaggalipura
J. P. Nagar H.C.,konanakunte cross
K. G. Halli H.C.,banashankari
Kodihalli H.C.,bapujinagar
Koramangala H.C.,kumarswamy layout
Kumaraswami Layout H. C.,basaveshwarnagar
Mathikere H.C.,tatguni
Moodalapalya H.C.,kaggalipura
Murphy Town H.C.,konanakunte cross
N. S. Palya H.C.,banashankari
Nandini Layout H.C.,bapujinagar
Old Byappanahalli H.C.,kumarswamy layout
Pantharpalya H.C.,basaveshwarnagar
Robbertson Road H.C.,tatguni
Shankar Nagar H. C.,kaggalipura
Sulthan Palya H.C.,konanakunte cross
Taskar Town H.C.,banashankari
Thavarekere H. C.,bapujinagar
Vidyapeeta H.C.,kumarswamy layout
Yarabnagar H. C.,basaveshwarnagar
Azadnagar UFWC,tatguni
Banashankari UFWC,kaggalipura
Chellaram UFWC,konanakunte cross
Cox Town UFWC,banashankari
D. J. Halli UFWC,bapujinagar
Dasappa UFWC,kumarswamy layout
Ganganagara UFWC,basaveshwarnagar
Goripalya UFWC,tatguni
J. J. R. Nagar UFWC,kaggalipura
Jayanagar UFWC,konanakunte cross
M.R. Palya UFWC,banashankari
Magadi Road UFWC,bapujinagar
Manvarthpet UFWC,kumarswamy layout
N. R. Colony UFWC,basaveshwarnagar
Palace Guttahalli UFWC,tatguni
R. C. Pura UFWC,kaggalipura
Rajajinagar UFWC,konanakunte cross
Shanthinagar UFWC,banashankari
Sirsi Road UFWC,bapujinagar
Sonnenahalli UFWC,kumarswamy layout
Srirampura UFWC,basaveshwarnagar
Srirampuram Lions UFWC,tatguni
T. R. Mill UFWC,kaggalipura
Ulsoor UFWC,konanakunte cross
W. Chord Road UFWC,banashankari
Yeshwanthpura UFWC,bapujinagar
